,BM_BLAST,HB,PLT,WBC,ANC,MONOCYTES,XX,XY,"CYTOGENETICS_46,XX","CYTOGENETICS_46,XY",CYTOGENETICS_-7,CYTOGENETICS_-5,MUTATIONS_NUMBER,AVG_MUTATION_LENGTH,MEDIAN_MUTATION_LENGTH,EFFECT_MEDIAN_SURVIVAL,MUTATIONS_SUB,MUTATIONS_DEL,MUTATIONS_INS,VAF_SUM,VAF_MEDIAN,DEPTH_SUM,DEPTH_MEDIAN,CHR_1,CHR_11,CHR_12,CHR_13,CHR_15,CHR_16,CHR_17,CHR_18,CHR_19,CHR_2,CHR_20,CHR_21,CHR_3,CHR_4,CHR_5,CHR_7,CHR_9,CHR_X,GENE_ASXL1,GENE_BCOR,GENE_BCORL1,GENE_CBL,GENE_CEBPA,GENE_CUX1,GENE_DDX41,GENE_DNMT3A,GENE_ETNK1,GENE_ETV6,GENE_EZH2,GENE_FLT3,GENE_GATA2,GENE_IDH1,GENE_IDH2,GENE_JAK2,GENE_KRAS,GENE_MLL,GENE_MPL,GENE_NF1,GENE_NPM1,GENE_NRAS,GENE_PHF6,GENE_PPM1D,GENE_PTPN11,GENE_RUNX1,GENE_SETBP1,GENE_SF3B1,GENE_SH2B3,GENE_SRSF2,GENE_STAG2,GENE_TET2,GENE_TP53,GENE_U2AF1,GENE_U2AF2,GENE_WT1,GENE_ZRSR2
0,0.6949846603752823,0.694107121023459,0.7012266202695069,0.7033006604844383,0.703055177047828,0.7059615871897024,0.7053497015248611,0.7049974270162809,0.7037558601848253,0.7041206177522839,0.70496177399877,0.7029669988770091,0.7048518440936249,0.7059409814444864,0.7057274049654066,0.7048990280363215,0.7033981480760663,0.7022994171728301,0.7023765138824376,0.7023535508786046,0.7019961948136756,0.7030101022328649,0.7046566390746503,0.7027635567004195,0.702546702115076,0.7027037081809833,0.7033428546118227,0.7037311489224272,0.7015463266134492,0.7053409399112548,0.7011363370385272,0.7013872738304284,0.7012766200487931,0.7011959923682958,0.7025476627266087,0.704312710933178,0.7044158737771896,0.704609451362116,0.7041813131395726,0.7040561943918131,0.7020109562958377,0.7028454514962564,0.7016296973373861,0.703286507773861,0.7031863012985573,0.7031765474468653,0.7024509298695091,0.7032829245631139,0.7032301285578832,0.7031861424384396,0.7016994937864897,0.7003419546921262,0.700468573957578,0.7005480577610309,0.7013578216324686,0.7007100517583615,0.701354528807292,0.7015002722715766,0.7020292367536728,0.7035262665510423,0.7049129466645028,0.7045349540080161,0.7006388662615336,0.703697169709086,0.7033590231626929,0.7017503674940083,0.7022273970584006,0.7041243654328618,0.704112984204592,0.703537482395031,0.7041444777265643,0.7026837447014012,0.7016613833675789,0.7002138026439809,0.7003923005100088,0.7010695106162619,0.7021769579560255,0.7016451596962109
1,0.6946966181771203,0.6916430982937773,0.7017276071869825,0.7009048408580606,0.699389756555757,0.0,0.700561407522308,0.6999620670646427,0.7005273202495796,0.6988933000303612,0.6994505792050033,0.7005757363280752,0.6998101786226214,0.7001140749220082,0.7008916262084993,0.7005007151424668,0.7009018967468575,0.7018168239331708,0.7012579741121475,0.6991967861337296,0.7011572376892196,0.7003335200749129,0.6991507761250717,0.6968743383661985,0.6977571428733496,0.6984340734072779,0.69815513365927,0.6979770017091163,0.697149884034312,0.7030829963954205,0.6996751283681389,0.6996770302252764,0.7003788450817298,0.6999749559881084,0.6988841591343928,0.700663140425914,0.6986812081515594,0.6998837342796894,0.6999050618911806,0.7000222970072115,0.6988677295457093,0.6996221556002817,0.6997175192533723,0.7006049756735835,0.6998698692384113,0.7007690142033474,0.7008119090099064,0.7016271188522839,0.7015140918075171,0.7007362101522906,0.7000238823904789,0.7016829115833422,0.7014519844269134,0.7011808621779991,0.7007184799549925,0.7012406963259993,0.701732324255372,0.7015819769898166,0.7002143650839668,0.6998621096446888,0.699124788122502,0.6998243232522804,0.7014101991951539,0.6992965492101423,0.6998639873549679,0.701802483401731,0.6996493593018324,0.7002347536434352,0.701142695142704,0.7011418329832112,0.7016633588548807,0.7011716786214784,0.701572432328432,0.6992674996089215,0.7010848656105225,0.702519004714001,0.6996655861558746,0.6994053005982374
2,0.6971023521253974,0.6959463462531501,0.7026671618654416,0.707580037348941,0.7052948632334185,0.0,0.7049493943240633,0.7049699525994084,0.7056821192444328,0.705045151643699,0.7035542710987601,0.7043804219838201,0.7060501635584124,0.7069141090315981,0.7077483640392256,0.7070437269748827,0.704432395723565,0.7050085730321902,0.7051764246149359,0.7058731339772557,0.7073416895666731,0.7081943386234676,0.7074962062168917,0.7041012357521078,0.7038842642709524,0.7036778762814547,0.7033675084512223,0.7041541873707772,0.7047676737909836,0.0,0.7070893407947048,0.7059380157724908,0.7055916435097151,0.7052298351836456,0.7055731264234831,0.7052555555680029,0.7045556908513395,0.70522108874245,0.704292485184462,0.704314874145671,0.7037343938597405,0.704281249655437,0.70483783371874,0.705675682833141,0.7067504954922204,0.7054444169286258,0.7051790421995558,0.7057298905209886,0.7046030843085747,0.7051925066815559,0.7049291312551751,0.7059147424574014,0.7066965503250411,0.7091142113913904,0.7078030102654247,0.7068088737662147,0.7066418266180395,0.7065056780153252,0.7083384176648109,0.70765860764022,0.7080763723161261,0.708509568805671,0.7075531027301695,0.7072760343648423,0.7079737783620689,0.7082512025166486,0.7072978694003381,0.7097479692975832,0.7088798146221841,0.7086346636868516,0.7080647709306932,0.708348121514544,0.7077220291958961,0.6970019676651585,0.7088648256695187,0.709107784947666,0.7080187257747327,0.7083061804971996
3,0.6992733311725265,0.6983824843676787,0.7071704548347078,0.7079103092307286,0.7082360954678921,0.0,0.7060318249165162,0.7067884161709955,0.7059501879139476,0.7061884217197609,0.7056921758923748,0.7051366175927859,0.707421048586401,0.7053496716379473,0.7057637618053151,0.707792218968186,0.7069380599363818,0.7045920054182114,0.7051679591904564,0.7086715575933094,0.7077075154988196,0.707225735997834,0.706396981658281,0.7077571269287919,0.7106716493452049,0.7110961522359888,0.7104821804625396,0.7105728791002448,0.7100341062888853,0.0,0.7101512872953457,0.7103072847526902,0.7105538312718349,0.7094062725810016,0.7089707487168512,0.709938101306532,0.7096962214393324,0.7091394779722227,0.7089387814929959,0.7092222760244593,0.7081603476948207,0.7093592181509805,0.7100739820621398,0.7080781394286052,0.7071648393461795,0.7066866813682079,0.7063855293793648,0.7059534191774891,0.7056131242391946,0.7056177905587164,0.7077545295547658,0.7067517325281195,0.7097266522292577,0.708764831767202,0.7076246433641483,0.7073456714730321,0.7073447123453488,0.7060543429780323,0.704958235507451,0.7055055678027288,0.7049909906950271,0.7058971728385272,0.7062401262971206,0.7069076957896882,0.7081584014180065,0.7063724694041044,0.7050753236814904,0.0,0.7075971571077979,0.7091669951390177,0.7096175685685648,0.7088688227928551,0.7084386022814256,0.6986474214530379,0.704949537098878,0.7073324611690932,0.7073174462734575,0.7077342090753651
4,0.697317065119549,0.6952447647410288,0.7031075591143603,0.7052743185009639,0.7051742613015897,0.0,0.7048191168087199,0.7055876035592321,0.7049640234483431,0.7060051088058684,0.7023483242574944,0.7063382711156976,0.7081285461980861,0.7067704452137179,0.7077451084634725,0.7070080878304048,0.7070416590546281,0.7093206974497909,0.7083087831574076,0.7099279313572937,0.7099070658391003,0.7079697980993022,0.7069392972762694,0.7057375737180589,0.7062500484294749,0.0,0.7080160748235756,0.7086831287466429,0.7104479689733277,0.0,0.7111727752386258,0.7108282727828292,0.7119111552022374,0.709095553381762,0.706512784142927,0.7073253578290062,0.7071715819588031,0.7057901057249624,0.7053162911865857,0.7070588530624178,0.7061493283172637,0.7067490634947888,0.7059152231520417,0.7075966881446967,0.709290193328118,0.7072062920666662,0.7061846471755931,0.7063711481671412,0.7074971393558365,0.7078788431521289,0.7064208685071774,0.7059732771474951,0.7078229409596487,0.7054062037604337,0.705347654771764,0.7059857429449481,0.7057414149670449,0.7044981944293411,0.7045983775657317,0.7057963640466598,0.7067378338106222,0.7059015721426329,0.7070516216502188,0.70592244623309,0.7059846135342039,0.7061435041245598,0.7064611441753909,0.0,0.7081062266412245,0.7075546320965694,0.7088548323131514,0.7076495856054814,0.7059813251939524,0.6958681544912488,0.7074466244070601,0.7047467190973118,0.7053347556272561,0.7048027352078602
5,0.698794817959978,0.6947672484727163,0.7070479409484027,0.7085353194360743,0.7071441291993661,0.0,0.711017645469293,0.7105564837090471,0.7103750091437661,0.7097750736392863,0.7104458817098205,0.7098940090922135,0.7051720112405863,0.7091763423786024,0.7099767672473941,0.7085754125412416,0.70961875300505,0.710545019096992,0.7106593305655999,0.7102047862965725,0.7086009687397505,0.7063281427469593,0.7063602742816713,0.7070035282611836,0.7074673917606529,0.0,0.7083915676271235,0.707762215149752,0.7072092880810154,0.0,0.708169256405113,0.7065138730608846,0.0,0.7065286389482077,0.705722236880913,0.7064516247918331,0.7054978221758014,0.7075530019813759,0.7064529831967991,0.7066686964651491,0.706570145843238,0.7059181930539169,0.7056160822038569,0.705512134729289,0.7071995554118904,0.7074437856192379,0.7079153328822536,0.708724812661824,0.7082505056510093,0.7080126323377212,0.706748503427685,0.7071009392335565,0.7073998829741247,0.706500408463142,0.7069844497871691,0.7074533111028087,0.7073070002774187,0.7072033027800558,0.7045394374579128,0.7059686861729936,0.7063806718567829,0.7058949855052442,0.7056263828904218,0.7081585808825033,0.7082942461482331,0.708477519082345,0.7065159706403751,0.0,0.7066452093753688,0.706052785021388,0.7079945709354426,0.7072460461915561,0.7070337940379995,0.6982303181812765,0.7097576283850007,0.7098582983699165,0.7085125528961467,0.7083222912570413
6,0.7009514956535281,0.6948880999767348,0.705455220647563,0.7098876236890349,0.7063155833183256,0.0,0.0,0.7088970534565863,0.7092871370768553,0.7080787461932557,0.7065064322851191,0.7058853430951827,0.7069780443919731,0.7093924102080845,0.7093144341197521,0.7116484575602356,0.7095367947077235,0.7068591990273099,0.7079639150853676,0.7096755202283127,0.7093055644971125,0.7083145646036345,0.708071269305064,0.7081432757706736,0.7091119594996829,0.0,0.7097022324737315,0.7093978873223452,0.7085996771528347,0.0,0.709650946180207,0.7082859561400116,0.0,0.7097578443801265,0.7085734989342345,0.7097016233167641,0.7093798787883201,0.7101774857452929,0.7097245518241623,0.710075407975105,0.709303206815384,0.7095938901827241,0.7093589724682152,0.7099409955316128,0.7095195640446278,0.708021598410548,0.70688540879269,0.7083743704382185,0.7072392653238324,0.7074100400844773,0.7070034771474119,0.707109598427973,0.707816888604654,0.7098139702472795,0.7092945577446548,0.7087183860371137,0.7099444413240459,0.7087541037536189,0.7088812193657751,0.7097370684515205,0.7096333998667864,0.708913950024993,0.7076166720660397,0.7079816921720915,0.7084492764452599,0.7089542929370168,0.7078448213506899,0.0,0.709170731824427,0.7053451200102517,0.7075967886227122,0.7070787201387844,0.7100854499867236,0.7011505017595602,0.7107815995348157,0.7096677403794306,0.7090085221000456,0.708977670634474
7,0.6994195174366049,0.6932820794140662,0.7055301432509007,0.7067584407831229,0.7037363887480912,0.0,0.0,0.707058148622073,0.7069483306448233,0.7074294780783746,0.7056779190358903,0.7068989108460213,0.7075203767475073,0.7053128887837897,0.7073302218228067,0.0,0.7078402702782026,0.7068102012337746,0.707288633547593,0.7081508197903871,0.7087704416337514,0.7068813340625076,0.706009499048336,0.7067951016067328,0.7068963967359567,0.0,0.7069362631092544,0.7080329690343834,0.7090927073312839,0.0,0.7102903593791604,0.7079282047988386,0.0,0.7070298654258325,0.707259530057058,0.7059613608203644,0.7062608193897716,0.7088028055396196,0.7076200315453859,0.70618509960958,0.707427608515539,0.7073588805469275,0.7075536343835627,0.7077029252283914,0.7067818642424928,0.7084755281628,0.7066508489088887,0.706446660312751,0.7073140106180985,0.7070928696934295,0.7076161574586615,0.7087418552956842,0.7088874754005308,0.7057969547852737,0.707060899083853,0.7074505435836198,0.7075549499343406,0.707027937325663,0.7064471314213479,0.7062040037709245,0.7063090837766838,0.7068511796102716,0.7066436496172354,0.708036424848514,0.7077183247242234,0.7071596650662814,0.7073997918319169,0.0,0.7084210361082415,0.7083358014752152,0.7090225976485979,0.7089097231698883,0.707246468680918,0.7004060581356503,0.7088601182452132,0.7077527693492045,0.7067739386540252,0.7079150609532305
8,0.7018683597148896,0.6958071263496534,0.7083684541325118,0.7076211719551716,0.7063812679106191,0.0,0.0,0.7088205738309379,0.7073874533969442,0.707311893261974,0.7074436157495527,0.7085703166157415,0.7082753763776465,0.7089676369980572,0.7097276008923885,0.0,0.708732140054747,0.7075118325670937,0.7070194190886442,0.709857249350944,0.7074704069356239,0.7059772027389558,0.7091755278589291,0.7101714668707817,0.7087326267130178,0.0,0.7081395061908322,0.7068257132884558,0.7063474415319134,0.0,0.0,0.7054324207993311,0.0,0.704548376446962,0.7042957436138467,0.708720767167078,0.7092107743378977,0.7080794253302478,0.7083854105425641,0.7084328493764708,0.7102548505962636,0.7112001098666838,0.7084818661591441,0.7100704946839751,0.7099816739139261,0.708889207690087,0.7100565809086633,0.7102286826996914,0.7078849166706546,0.707316647822778,0.7109532477317355,0.7104979519837286,0.7085164600318844,0.7082890573008335,0.7073731504170042,0.7073828237932852,0.7091428310727695,0.7083393189727455,0.7078147014285228,0.7075239862008696,0.7061866714992442,0.7062421086407118,0.704459660664291,0.7047680086989203,0.7055452807308858,0.7068227169342579,0.7070264147266418,0.0,0.7109224578677059,0.7098085743565312,0.7103967230738208,0.7077726441636595,0.7077786410787766,0.7000166407901725,0.71024475594494,0.7103783071896739,0.7101986165346504,0.7093747908625013
9,0.7026660108198677,0.697946819166757,0.7072594489581561,0.706591167254945,0.7070884127009622,0.0,0.0,0.7082525075097713,0.7094047755711164,0.7086089526711509,0.707917595672113,0.7058846506019294,0.7086804726199936,0.707122644544344,0.7080361374513655,0.0,0.7099548142857681,0.7103299719667516,0.7093755742220363,0.7101091894559247,0.7093819868017324,0.708291306641603,0.710948280790586,0.7099238863228727,0.7096632169562868,0.0,0.7087029250131349,0.7095324819236611,0.7089583159405294,0.0,0.0,0.7107031690204021,0.0,0.7069445777253665,0.7086493073369845,0.7097958211999444,0.710394566395641,0.7095301754926889,0.7103665185483801,0.7104748566390614,0.7104585455352085,0.0,0.708462141621754,0.7068053822463707,0.7086342104672976,0.7077757127840938,0.7078742929341121,0.707830584084429,0.7091337325511236,0.7080344340267455,0.7081056360734757,0.7073421113123122,0.7063703216453172,0.7060696181973036,0.7073365290627324,0.7066731133959196,0.7065963779328562,0.7058892696850956,0.7064141449254695,0.70736053566491,0.7078426924884222,0.7073085733163916,0.7064288084337192,0.7075617470332134,0.7071181121687634,0.7072160219136389,0.7084293183641573,0.0,0.7093699484249123,0.7083502931727048,0.7087047588625989,0.7082324314900159,0.7091276162499743,0.7042351671913616,0.7095049544553504,0.7118169232203958,0.7120893188527485,0.7123466176553259
10,0.7033197236314896,0.6962672996592609,0.7057636362733274,0.7080611828317662,0.7102737289691209,0.0,0.0,0.708617423761262,0.7082874066383502,0.7092266259025432,0.70940044248253,0.7120737540813776,0.7108567464262288,0.7085107026081536,0.7101140162806084,0.0,0.7088038674410668,0.7087304769597743,0.7081364909199905,0.7100116366724684,0.7089350490846547,0.7064179922822509,0.7066211554876629,0.7058426838595021,0.7070383633779336,0.0,0.7072296952961536,0.7078837365447747,0.7074817818403001,0.0,0.0,0.7068339267568585,0.0,0.7082504465745589,0.7090262425269057,0.7084341860858608,0.7063171948410688,0.7078132101969444,0.7075946041145685,0.707408275940397,0.7079895126479817,0.0,0.7080941305783593,0.7085999061478209,0.7079224780527866,0.7078082614943128,0.707743446742683,0.7099512680454747,0.7105261711620273,0.7103143611444601,0.7112139794766059,0.7112003423799389,0.7085141328068209,0.7101227057203436,0.7091483110072989,0.7092754415667937,0.7096976340142019,0.7092906661059323,0.709179847395227,0.7080778314478233,0.7090759293425701,0.7101860463659618,0.7088174254894419,0.7086078248773845,0.7107076551169383,0.7112308069293873,0.708892820874642,0.0,0.7093016789982453,0.7091164457642122,0.7107450366579963,0.709453825282746,0.7081212690912593,0.7022489001824476,0.7101896272573112,0.7065672991855817,0.7091230052210611,0.0
11,0.7029906766682325,0.6962094787467047,0.706993810617945,0.7076634374949402,0.7085978934613347,0.0,0.0,0.7084701733368046,0.7083164975681804,0.7078209839795641,0.7080079416393337,0.0,0.7088576969155954,0.7081298917919463,0.7079792875101767,0.0,0.7101964519555399,0.7106685442039108,0.7103420750293915,0.711537751093374,0.7096376321574049,0.7082431574420988,0.7065179511560148,0.7060738131832942,0.706575757988261,0.0,0.7065766346123811,0.7069895676971558,0.7070253209099189,0.0,0.0,0.7077864928206323,0.0,0.7087814740026196,0.709691084626953,0.7095932300892579,0.7091534326186487,0.7092584616696032,0.7087593752538149,0.7087503239810523,0.7085303754383686,0.0,0.7089995223703672,0.7085625894340722,0.7088754707485094,0.7096979504796734,0.7114586951477295,0.7103361213663233,0.7102827896731414,0.7094115476729048,0.7094137149084023,0.7083636431622453,0.7080214374620896,0.7091375105687778,0.7104205267601202,0.7087569549970923,0.7095757056403811,0.7103271946012575,0.7097283885419506,0.7101211215761845,0.7105579548354921,0.7115756956612808,0.7108361172407226,0.7100671290132471,0.7102566984229517,0.7110664748292778,0.7086837074158066,0.0,0.7125257811423327,0.7095278830946075,0.711309515791177,0.7098217457379482,0.7099546153383104,0.7013929974097338,0.7094396990072261,0.7092430439370934,0.7102400551956843,0.0
12,0.7019755270056982,0.699075605917978,0.7084352839506275,0.7097744224743451,0.7084224587951038,0.0,0.0,0.7103107539365267,0.7107910686212445,0.7124167130864286,0.7127571200686572,0.0,0.7147689309997136,0.7117358270489227,0.7112686337064786,0.0,0.7134111723919359,0.7124959506624317,0.7121077263656362,0.7136113780441629,0.7108771343711817,0.7111969899184241,0.7102135837065932,0.7080516645706739,0.7080500777122574,0.0,0.7090563950713255,0.7095518357898383,0.7090058142171053,0.0,0.0,0.7097553021995053,0.0,0.7080917499321819,0.7054879208118201,0.7071210102102445,0.7075023841574452,0.7084766252632954,0.7085411067170063,0.7075669249311538,0.70776795127312,0.0,0.7086671101045326,0.7089807244120817,0.7090764048221001,0.7082104047364438,0.7080355812419363,0.7094038081549657,0.7085346932784539,0.7082260130684307,0.7089922121397856,0.709573861477278,0.7072282047430888,0.7084818560297048,0.7093666230116215,0.708176515695827,0.7094717554063206,0.7096465827283469,0.7075939119541509,0.7095351007853729,0.7090097448153664,0.7076864325518909,0.7063292113763057,0.7065788141653065,0.7086665071810165,0.7085614333275704,0.7054170713624531,0.0,0.0,0.7085888001777695,0.709722872255925,0.7093186820489643,0.7071351432023093,0.69880817600409,0.7099187129316245,0.7083437134778492,0.7089694114107462,0.0
13,0.7016206731314563,0.699677851807327,0.7085854302415854,0.7072549436868242,0.707294101590738,0.0,0.0,0.7092272683010872,0.7083516952137983,0.7089807125758922,0.7073246503114529,0.0,0.0,0.7087997275140143,0.7077540234493613,0.0,0.7087530814304756,0.7098679468171689,0.7098902323679546,0.7102263363488477,0.7103831118928369,0.7100367443172858,0.7098386729808126,0.7076733262242575,0.7084351597068017,0.0,0.7081012361325512,0.7074452304250988,0.7071294103750604,0.0,0.0,0.7077273500033001,0.0,0.7061849834378876,0.7084934458708484,0.7082400295225707,0.7064854118972167,0.7085663284447635,0.7094910729140044,0.7093068914174745,0.7082486576599388,0.0,0.7088768665244414,0.7087771843087436,0.7079692173502757,0.7091607550391702,0.7088143867610606,0.7088793367525195,0.7075654221992881,0.708722914494081,0.7083258326282366,0.7092901786264324,0.7094548026478197,0.7113806285290647,0.7110487787807044,0.7120433977646017,0.7122448023697493,0.7105471626207281,0.7098859385792138,0.711415744816063,0.7104524898207336,0.709425391087938,0.7085144419046674,0.709517202204983,0.7079175048344498,0.7092376576862887,0.7079935205540447,0.0,0.0,0.71203389072427,0.710781546356656,0.7108512556275824,0.7106209365820285,0.7015472761456374,0.7102669804755839,0.7115020912708944,0.7110013858516352,0.0
14,0.7015770256687243,0.6980415536130119,0.7080482400662214,0.7081031963836854,0.7068060152488684,0.0,0.0,0.7072049840451777,0.7071146694174465,0.7087355078109582,0.707958851687219,0.0,0.0,0.7086024732802875,0.7090110579546983,0.0,0.7085778222689215,0.7091626722424976,0.7095717917880185,0.7090874484795097,0.7079346597589196,0.7067440123646959,0.7090741939124959,0.7053795411455912,0.7063684238962049,0.0,0.7068638863666361,0.7085497170505378,0.707921274991044,0.0,0.0,0.7079538587419946,0.0,0.7074079792353333,0.7077177953171548,0.7081411660699111,0.7061824468271704,0.7067500913635774,0.7062786544149767,0.7065194355780096,0.7088107872017264,0.0,0.7085580238601953,0.7087929119250047,0.7077930835739287,0.7067618229416435,0.7059278990814453,0.7066221054993266,0.7069855719971081,0.7103782636181096,0.7088277622633145,0.7083095361911917,0.706449632859084,0.7075658361607285,0.7072658720168785,0.7061527386986616,0.0,0.7066623901160057,0.7076472925253982,0.7090003230465908,0.7099685518732018,0.7092695886947924,0.7064394106056404,0.708052837345484,0.708001423546627,0.7095805204229233,0.7087339565994214,0.0,0.0,0.7090750836868847,0.7104389066344602,0.7100268106856614,0.7083375341293917,0.700397248619913,0.7117708521171353,0.7113070915217371,0.711128382318877,0.0
15,0.7036764585929545,0.6982850176566777,0.7071564803718925,0.710963251039906,0.709436926381414,0.0,0.0,0.7075273410339927,0.7080368308917127,0.7101233909561787,0.7092709568167791,0.0,0.0,0.7093140778018137,0.7092126272878917,0.0,0.705738140752677,0.7056103263131236,0.706544111511121,0.7099127636570033,0.7081997695201819,0.7064048282758909,0.7068734646147222,0.7080183375888747,0.709455339939432,0.0,0.7092333384363813,0.7090955574969445,0.7087990956868332,0.0,0.0,0.709350573819457,0.0,0.7065810038407992,0.7104403588518369,0.7089241151898865,0.7089021565506102,0.7110793911893635,0.7104935527710793,0.7097665693426564,0.7094174560310954,0.0,0.7091270052151027,0.7083814776039913,0.7082593029626396,0.7095305946684478,0.7106713030538173,0.7095889537571756,0.708552986813178,0.7092926440966082,0.7099226401564177,0.709847452803787,0.7088273686649009,0.70958667862606,0.7101973373899464,0.7095564959055644,0.0,0.7092133228188441,0.7086585907498553,0.7082370036017793,0.7084406121289388,0.7089392308497242,0.7088704716278106,0.7086586133755237,0.7083690320411714,0.7096344982282217,0.7111533701751768,0.0,0.0,0.7104827526363436,0.7109446138739217,0.7086991782591519,0.7084902123760127,0.7013713131627418,0.0,0.7080986872564348,0.7099917927997215,0.0
16,0.7014589997348736,0.6986351872696204,0.7103410735349805,0.7093991557799227,0.7075478201922629,0.0,0.0,0.7098174144553152,0.708655270897361,0.7095648464505865,0.7086737066321895,0.0,0.0,0.7095001088191881,0.708760069055027,0.0,0.7092893027559757,0.7089166295732577,0.7072049668621421,0.7092556295929235,0.7125433427653606,0.7102489056654518,0.7099914942439186,0.7093830093766966,0.7091617414377362,0.0,0.7084294052966337,0.7091495499498144,0.7100097615625874,0.0,0.0,0.7100474729703046,0.0,0.7096699835857797,0.7077884771693805,0.7128238635228192,0.7117305800596491,0.7134898168866043,0.7120678101079709,0.7110857905947939,0.7100793567323188,0.0,0.7114173726985568,0.711907858313231,0.7123743538879396,0.7102480147374143,0.7096898599085916,0.7098923013962104,0.7093624342591064,0.7102629968726826,0.7104270934364414,0.7112324018897712,0.7109284878229848,0.708439916442474,0.7081456900218511,0.7092865316346653,0.0,0.7084805236815636,0.7081430070958884,0.7086586043494619,0.709090317310156,0.7078518014866708,0.7061604532988593,0.7077184088771908,0.7083776859207263,0.7072797442775269,0.0,0.0,0.0,0.7084903347102219,0.7105660237584676,0.7100098234064489,0.7094033158538353,0.6988836648465004,0.0,0.7102882152430301,0.710782961993116,0.0
17,0.7009639615771635,0.6983883704666983,0.7084621124818664,0.7084678827799002,0.7059396250845648,0.0,0.0,0.7073474984431821,0.7073506857617087,0.7071575523193508,0.7055204827749086,0.0,0.0,0.7090698028673128,0.7089216753986327,0.0,0.7077348103867986,0.7092789542812353,0.7063015328473146,0.7110268654866041,0.7096835366754745,0.7098931789139038,0.7104470604566336,0.7067410027344679,0.7075472534247217,0.0,0.7079866647826466,0.7081067856198217,0.7086337495425932,0.0,0.0,0.7090952213815265,0.0,0.7070019956156028,0.7065680784276952,0.7089921580755062,0.7073801381015731,0.0,0.7075939050305314,0.707606384571239,0.708818475031687,0.0,0.7092789049211011,0.7084029936194802,0.7082577670398159,0.7092707384667322,0.707731915599307,0.7086701591806992,0.7086920513988239,0.7091731435144653,0.70935490638352,0.7081922325492765,0.708417317477484,0.7099172241677084,0.7095886604910966,0.7103832104611281,0.0,0.710011749239868,0.7089184021815437,0.7081044060601406,0.7079197698849327,0.708032875464935,0.706558945470719,0.7070973287007587,0.7077884733165908,0.7089726033956011,0.0,0.0,0.0,0.7065141637916936,0.7090162154030937,0.708097606848945,0.7073261866690146,0.7003050358572346,0.0,0.7070795486290865,0.7073187978975815,0.0
18,0.7043959985686593,0.7001101390161051,0.7103632142610071,0.7102695162474129,0.709640454715729,0.0,0.0,0.7101861555413043,0.7102140496217517,0.7097800857168451,0.7105046587471089,0.0,0.0,0.7108827575735506,0.7096745606869473,0.0,0.7106102763759861,0.7113105595835737,0.7098673739142134,0.0,0.7079268217807159,0.7104020410585024,0.7106366734369491,0.7103380425134913,0.7107997999524902,0.0,0.711447822679666,0.7122564729098071,0.712310357011259,0.0,0.0,0.7115183646918327,0.0,0.7084753150406762,0.7074660412089001,0.7113524851835897,0.709506436800024,0.0,0.7097514732847027,0.7098071805120605,0.7105502695628171,0.0,0.71082273178334,0.7118742793942725,0.7119738586732305,0.7102259556546457,0.7106257362844854,0.7098482536705458,0.7088468769548067,0.7100674182788389,0.7101511641946271,0.7102109598757052,0.7103843251881636,0.7102064694449198,0.7083379151292131,0.7082164262073218,0.0,0.7082855697046458,0.708517274350841,0.708211236813857,0.7080841195883153,0.7094746132645107,0.7094390605471135,0.7117147862174216,0.7103222260826275,0.7102292589071587,0.0,0.0,0.0,0.7115738006331146,0.710945043788343,0.7093038497577876,0.710179265787803,0.6983085561129452,0.0,0.7095198456644832,0.7095017095730616,0.0
19,0.7046846684826179,0.6996159056455186,0.7118866299999231,0.7126279362373622,0.7095051725699553,0.0,0.0,0.7093629249769633,0.7091686648776683,0.708493963557352,0.7093276460891471,0.0,0.0,0.7084608883169422,0.7100720310129633,0.0,0.7102550529045442,0.7072794507044449,0.7090483992347072,0.0,0.7088474942621308,0.7127669669535922,0.7126689432143508,0.710884222501422,0.7105754945234174,0.0,0.7104846284439661,0.7100777681287972,0.0,0.0,0.0,0.7107544413842969,0.0,0.7089088515155966,0.707549189471982,0.7110069333630309,0.7103500307530052,0.0,0.7103912357763646,0.7123028716998446,0.7103150839844893,0.0,0.7100857602378083,0.7088465855784988,0.7088657332509841,0.7102596889307143,0.7105716107927206,0.709940040412832,0.707244126220981,0.7085399321556856,0.7087789492472755,0.7093345719255795,0.7089511294540145,0.7097665562542631,0.7116057526568443,0.710618632817267,0.0,0.7095940234147367,0.7106757804070828,0.7103678936438524,0.7113112226442476,0.7107310777036833,0.7100242592398258,0.7102841460460312,0.7091172546964155,0.7112101586121858,0.0,0.0,0.0,0.7114815977428338,0.7114071051348598,0.7097419853479566,0.7089379386744417,0.7026217592751547,0.0,0.709365983794276,0.710023982916819,0.0
20,0.7012691281700241,0.6966431817257218,0.7112797746480752,0.7086234093835934,0.7081402397286963,0.0,0.0,0.7095625477040474,0.7081094189582631,0.7099680402717582,0.7094514473311532,0.0,0.0,0.7098423763635108,0.7090314878535802,0.0,0.7093784976564469,0.7101523909183567,0.7114031015416767,0.0,0.7127065282914355,0.0,0.7112763821743855,0.7108446748673087,0.7097542607728698,0.0,0.7095225165312005,0.7097386199563163,0.0,0.0,0.0,0.7101376928669513,0.0,0.7108042112516834,0.7088953632341002,0.7084288040316098,0.7087828869645572,0.0,0.7090189942134094,0.7091043316629446,0.7096820854770736,0.0,0.7105925848066498,0.7111502232265332,0.7111333470280901,0.7115843638627604,0.7120492427652684,0.7119312406997743,0.711943752459239,0.7125197339086541,0.7134470715279976,0.7125386352381545,0.7107002764318502,0.7111522317347393,0.7114415708927132,0.7119492101592281,0.0,0.7119427805679532,0.7105742602928775,0.7104894146019631,0.7113652239931751,0.7107391275149676,0.7113683718760907,0.709633929086249,0.7091746250517282,0.7104207113002603,0.0,0.0,0.0,0.7100070202576605,0.7101372206094162,0.7086501295013968,0.7090150727014659,0.7026875923157774,0.0,0.7098673090621848,0.7093488672629321,0.0
21,0.7022086293803064,0.6970879284153553,0.7112810439038404,0.7099314154747334,0.7124240694428653,0.0,0.0,0.7128475701889303,0.7119974706625032,0.7126806403360966,0.7119924890820079,0.0,0.0,0.7139214262710941,0.7118625104583428,0.0,0.7100622911337588,0.7110289061802908,0.7088795792277738,0.0,0.709604971278714,0.0,0.712637198767786,0.7102762041394587,0.7128009124150475,0.0,0.7131263790064462,0.7131243558357282,0.0,0.0,0.0,0.7128140421679509,0.0,0.7120498552899863,0.7134070016718933,0.7135381401627502,0.7128983388694549,0.0,0.7137706707186482,0.7136564759433486,0.7134380061468739,0.0,0.7128972655217736,0.7128464714931201,0.7102009777108014,0.7102035966411175,0.7101073340852451,0.7104845102972495,0.7110296092182435,0.7106116335351571,0.0,0.7103083010218454,0.7103361412441934,0.7118764368739958,0.7111089902964447,0.7116768327560197,0.0,0.713262021956687,0.7129470014572111,0.7140101881066743,0.7154305200047912,0.7168058035282637,0.7132346443866622,0.7131573073839799,0.7140171114409086,0.7131211687452529,0.0,0.0,0.0,0.7120210983696782,0.7126667367366126,0.711333247297506,0.7125155648867201,0.700050815228963,0.0,0.7134832320226006,0.7130514522043594,0.0
22,0.7018200877742742,0.7013187342931791,0.7135117161859854,0.7112581283172957,0.7120053807831251,0.0,0.0,0.712809742878897,0.7126712042948578,0.7113226801642046,0.7114737449723213,0.0,0.0,0.7113358093351768,0.7122577456969179,0.0,0.7101401992468293,0.7105157752137036,0.7103689862743361,0.0,0.707514592352885,0.0,0.7116464356806738,0.7124524552888676,0.7126424825878865,0.0,0.7114129097687256,0.7115597343822176,0.0,0.0,0.0,0.7124257281899963,0.0,0.7109526131595177,0.7091168218005534,0.7119193176497897,0.7110420861811856,0.0,0.7126114399971579,0.7111843075935264,0.7110818459478462,0.0,0.7106989777158813,0.7109387208079068,0.7117558361071077,0.7119311120889311,0.7116049119828611,0.7110324433633409,0.7102147912011122,0.7102101176082737,0.0,0.7098218602239437,0.7105815949142028,0.7114319914601227,0.7108222997174874,0.7107315459446072,0.0,0.7114705898418193,0.712781570622469,0.7088172279322766,0.709310917568356,0.0,0.7108080537173875,0.708831375869438,0.7081488211726705,0.7093009767462616,0.0,0.0,0.0,0.7100932959180034,0.7121463108719724,0.7105872502910539,0.7102460049687288,0.69964347512798,0.0,0.7121891463487103,0.7105100335602537,0.0
23,0.6985430828717969,0.6972595789764076,0.0,0.7081481607821278,0.7089093831518151,0.0,0.0,0.7120435029436382,0.7098761721207494,0.7104831594528956,0.7093625496701884,0.0,0.0,0.7117033570675616,0.7143227623551086,0.0,0.7135328646108949,0.7092073650341729,0.7083139279141014,0.0,0.7066707477955282,0.0,0.7122425882971363,0.7112584764405977,0.7112702531505334,0.0,0.710922369019581,0.7097388092486104,0.0,0.0,0.0,0.71153831628647,0.0,0.712508982548559,0.7101953801242463,0.7119891362631692,0.7105123735069989,0.0,0.7116350807817928,0.71166996858826,0.7114599320332695,0.0,0.7102900735835009,0.7108245172458304,0.7107799352001745,0.710064137744358,0.7106069048842881,0.7114960800562604,0.7113052444552144,0.7107400719281839,0.0,0.7128372157875325,0.7127203495799658,0.7135168879885574,0.7119760195802382,0.7134935592631224,0.0,0.7140323827869403,0.712311132198571,0.7106670341923773,0.7121132586792387,0.0,0.7112980146704925,0.7124675339566674,0.7130009584781949,0.711754184266465,0.0,0.0,0.0,0.7120253675595488,0.7119364704987436,0.7087466330917894,0.7090033946411533,0.6989910466746098,0.0,0.7111699772135727,0.7123944669566357,0.0
24,0.7008116104811688,0.6982254130216231,0.0,0.7075617734997633,0.7105326682701283,0.0,0.0,0.7115964042782191,0.7130859639275784,0.7131237155454099,0.7113852333596529,0.0,0.0,0.7116496829119818,0.0,0.0,0.7130069445669511,0.7119626923040882,0.7123037523550904,0.0,0.7118621933669709,0.0,0.7121356684056296,0.7110605300220109,0.7109506942348808,0.0,0.7121392941190421,0.7133408520168418,0.0,0.0,0.0,0.7129857207698709,0.0,0.7130934632502934,0.710749849053724,0.7122848356999203,0.7126625839215873,0.0,0.7134795652276321,0.7132440594317027,0.7124162755476457,0.0,0.7112806330213239,0.709933417787107,0.7101055617635119,0.707957240193823,0.7080532984584008,0.7096271577821084,0.7079159728156541,0.7092199531430765,0.0,0.7094677108133477,0.7110021037047334,0.7115797481196464,0.7107181879416387,0.711468817891127,0.0,0.712140067694673,0.7108942779207255,0.7122145718161758,0.7121291598479581,0.0,0.7115632102041956,0.7126355635788544,0.7134934127046475,0.7135308368313694,0.0,0.0,0.0,0.7117857738298808,0.7127030600026301,0.711180129295726,0.711700680956839,0.7027919561028986,0.0,0.7111886775488008,0.710593910242373,0.0
25,0.7015294243081687,0.7011660162308684,0.0,0.7101462256871196,0.7098805944822295,0.0,0.0,0.7135505599821741,0.7127995918913521,0.7123493833095854,0.7114669503766073,0.0,0.0,0.7106033274739658,0.0,0.0,0.7120433697804052,0.7112667922363061,0.7112804042907239,0.0,0.7132110230834516,0.0,0.7113306143043818,0.7103002265022033,0.711765048416677,0.0,0.7122437728013058,0.7127938414671161,0.0,0.0,0.0,0.7132291189618104,0.0,0.7117527082256971,0.7119179388695464,0.7117208519036993,0.7115602500070767,0.0,0.7123082995229646,0.7120484388810324,0.7120846416741548,0.0,0.7124389622436283,0.7130140541602059,0.7143012933371143,0.7130248689202087,0.7124821943766503,0.7133239956549626,0.7129098957508228,0.7126726829541046,0.0,0.7122446960820632,0.712581541179657,0.712550135476905,0.7137874822887187,0.7148744762230882,0.0,0.7153784783987615,0.7152219190903814,0.7151433758311219,0.715015615826174,0.0,0.7137953722114452,0.7121001459830474,0.7125028737086768,0.0,0.0,0.0,0.0,0.711839355181821,0.7156277183761166,0.712609243180257,0.711796083172511,0.7005899441953504,0.0,0.7106467648853095,0.7111377340450942,0.0
26,0.7020744444714326,0.701689560896587,0.0,0.712399085065681,0.7089366389830466,0.0,0.0,0.7125915146467277,0.711287310669802,0.7119899107202203,0.7141493290826473,0.0,0.0,0.7120734474853258,0.0,0.0,0.7146427953221348,0.7153256792958854,0.713367439753606,0.0,0.7164995967531393,0.0,0.7158841409028188,0.7133955611908487,0.7148252248616829,0.0,0.7164427664353693,0.7156566029422444,0.0,0.0,0.0,0.7144268902984784,0.0,0.7139251037714394,0.7127922807803987,0.7140980039387131,0.7133691368528388,0.0,0.7165677229402561,0.7150628412128458,0.7156456411633362,0.0,0.717278920839734,0.715500215620465,0.7171977464872525,0.716100850949399,0.7149555017129645,0.7140293184895219,0.7128866730164068,0.7141688640660214,0.0,0.7144036168000026,0.7144478594262681,0.7139708190686413,0.7143065187204721,0.7156120689417929,0.0,0.7136946932048943,0.7123716647062487,0.7146373325222173,0.7141108885761828,0.0,0.7149936757023353,0.7161695788085805,0.7148897961350096,0.0,0.0,0.0,0.0,0.7152119516300504,0.0,0.7156452222094158,0.7155744208272883,0.7053475533026197,0.0,0.7164612577621969,0.7150872078338668,0.0
27,0.7003621027723808,0.6990575868408844,0.0,0.7146779019785274,0.7140657561511102,0.0,0.0,0.7124940612519798,0.7117698429719783,0.7135617364507464,0.7112383485749075,0.0,0.0,0.7161426529390837,0.0,0.0,0.7166957145379267,0.7167187391584332,0.7127217600892978,0.0,0.710792975021877,0.0,0.7155399537616771,0.7129317559195448,0.7132925145400841,0.0,0.7150994752734405,0.715527271528145,0.0,0.0,0.0,0.7144565424097236,0.0,0.7145329589420474,0.713676422220426,0.7155516683676757,0.7156426080008167,0.0,0.7156509821654377,0.7147350079161635,0.7150569550531122,0.0,0.0,0.7176513272186513,0.7174282963283376,0.7164438368237959,0.7164471505120502,0.7161589860490296,0.7144111198474156,0.7153505501145486,0.0,0.7152871016778691,0.7164372391091794,0.7171381294430283,0.7157857730663214,0.7161211458824843,0.0,0.7164849003444883,0.7171529164417716,0.7157258962558456,0.715926714639328,0.0,0.716336013225584,0.716368975170667,0.7167224202937307,0.0,0.0,0.0,0.0,0.7152629426515839,0.0,0.7167725284726776,0.715305518269355,0.7040841036250979,0.0,0.7125729657379754,0.7122629570887501,0.0
28,0.700371356516437,0.6990261780611747,0.0,0.7106904480354868,0.7119376470623454,0.0,0.0,0.7135365229063495,0.7119215465392248,0.7114505343213755,0.7096591401896486,0.0,0.0,0.7117464595730634,0.0,0.0,0.7124885591971866,0.7124560021017227,0.7121261841305931,0.0,0.7143029759596867,0.0,0.7173822596994719,0.7112645590141388,0.7142619392681198,0.0,0.7131456894603685,0.7143633532954023,0.0,0.0,0.0,0.7149373464622883,0.0,0.7134025723310718,0.7113300298681386,0.7113606305379252,0.7125711439947647,0.0,0.7140516802661274,0.7148855673624346,0.7129590644604662,0.0,0.0,0.0,0.7132120430921812,0.7130307021808419,0.7140197345439732,0.7138869775298917,0.714758470249984,0.7149522915651475,0.0,0.7138352569163402,0.7143443222857772,0.7132440323044917,0.7136022794467648,0.7126752883084501,0.0,0.7138250890039166,0.7143722733428632,0.7128186325913656,0.7124486703854752,0.0,0.7123425338546421,0.7129998458506249,0.7131899064159023,0.0,0.0,0.0,0.0,0.7108692334369922,0.0,0.7131957602398973,0.7120142402077894,0.7014748178325363,0.0,0.7171095697157638,0.7171958679032417,0.0
29,0.7035057563315802,0.7005982211802894,0.0,0.7160272832057927,0.7135925074227364,0.0,0.0,0.7167500721039034,0.7165171482710734,0.7189662386145385,0.7151648664307733,0.0,0.0,0.7165779502447724,0.0,0.0,0.7172422244538326,0.715973399698632,0.7145253138330185,0.0,0.7150526179544182,0.0,0.0,0.7160616886958173,0.7173062801327506,0.0,0.7157104076401728,0.715052519649732,0.0,0.0,0.0,0.7170434640825208,0.0,0.7162843918544264,0.7175483286634564,0.7206375215535721,0.7200599231004728,0.0,0.7213640753070684,0.7201696750366525,0.7234406732619842,0.0,0.0,0.0,0.722056768165619,0.7180214998389575,0.7193993518307701,0.7182138508060562,0.7164733698746054,0.717316537738169,0.0,0.7138661323327494,0.7147877401089432,0.716979137169607,0.7149263320679329,0.7160397123908819,0.0,0.7152688666869619,0.7142181584415501,0.7167640984314368,0.7173650533089944,0.0,0.7159702755663627,0.7170587274939495,0.7174484438564023,0.0,0.0,0.0,0.0,0.7175443802928392,0.0,0.7156333130781627,0.7162096765948451,0.701738902409929,0.0,0.7132981981385924,0.7150581262200671,0.0
30,0.7044048426833871,0.6990040179992414,0.0,0.7149183899429009,0.714935546976831,0.0,0.0,0.7179515045420082,0.7185573736192081,0.7201504883864073,0.7168522879929312,0.0,0.0,0.7188690850549003,0.0,0.0,0.7194804500425391,0.7189635411768369,0.7169851601523206,0.0,0.7169062049215977,0.0,0.0,0.7159658757082401,0.7179737838787467,0.0,0.7179255477717109,0.717320565604876,0.0,0.0,0.0,0.7194960108568815,0.0,0.7169388547743425,0.7152591473315718,0.7162170098290449,0.7169014902329182,0.0,0.7183395375454599,0.7176314394187769,0.0,0.0,0.0,0.0,0.7163104683951501,0.7154838718702303,0.7151028330630426,0.7156561787305449,0.7138910402178271,0.7138520317035617,0.0,0.7127590548569863,0.7122998266148798,0.7153998387646463,0.7138437707305265,0.7138183001087787,0.0,0.7139496311770365,0.7125529703282277,0.7133823814787229,0.715993688682953,0.0,0.7144460140756679,0.7139611708901402,0.713321884557138,0.0,0.0,0.0,0.0,0.7136839463252743,0.0,0.7134456329836665,0.713430740487635,0.7007969737067473,0.0,0.7163373709524432,0.7176703696547655,0.0
31,0.7057043980218023,0.6998119783581596,0.0,0.7119238005027374,0.7144697052164203,0.0,0.0,0.7174928338162508,0.717848200176179,0.0,0.7173300526581444,0.0,0.0,0.7170935392739476,0.0,0.0,0.7147246850352453,0.7159552373919147,0.7149905680025477,0.0,0.7135095786187303,0.0,0.0,0.7124570426344696,0.713889375938436,0.0,0.7152077999380534,0.7140297571525261,0.0,0.0,0.0,0.715323746243707,0.0,0.7168159262803957,0.7156132444912866,0.716899672913684,0.7165219280564983,0.0,0.7156798512529494,0.7149732267864637,0.0,0.0,0.0,0.0,0.715573036854653,0.7142460152931231,0.7147427535598073,0.7151275447716868,0.7144064986563164,0.7152055541610226,0.0,0.7137718778719028,0.7158233970608749,0.7159594232495262,0.7145837233005201,0.7156823648265219,0.0,0.7146728066384752,0.7150504586868682,0.717130381419949,0.7145706275157345,0.0,0.7147782826043895,0.7137933198938363,0.7149509512223031,0.0,0.0,0.0,0.0,0.7133060653188874,0.0,0.7128075925645884,0.71478136945711,0.7016292418271142,0.0,0.7158919244508221,0.7133101184672127,0.0
32,0.7014088499037758,0.6990477978678604,0.0,0.7109269488305698,0.7111337083362743,0.0,0.0,0.714799206443346,0.0,0.0,0.7145897065200429,0.0,0.0,0.7178431654646952,0.0,0.0,0.715253755214122,0.7155377942961924,0.7136006102190936,0.0,0.7140602054712403,0.0,0.0,0.7135916305878978,0.7139839430254297,0.0,0.713945388782031,0.7156728071425315,0.0,0.0,0.0,0.7153442410912942,0.0,0.7138467139667186,0.7117462991448557,0.7134761967407728,0.7142325958883815,0.0,0.7157340898431391,0.7167754051442219,0.0,0.0,0.0,0.0,0.7179989691480595,0.7164833921836646,0.7162852610312638,0.7151136481513232,0.7130907348114706,0.7130397805184938,0.0,0.7130884522480945,0.7124371147585526,0.71378161473352,0.7130159777033176,0.7144758897285566,0.0,0.7149153262397078,0.7128570905377235,0.7135495999161884,0.7147503337987019,0.0,0.7128882254731677,0.71352136047387,0.7133898133782698,0.0,0.0,0.0,0.0,0.7135946469226481,0.0,0.7132342559267476,0.7153097554162343,0.7012265286580075,0.0,0.7164058279723067,0.7146066946831763,0.0
33,0.7034703030172494,0.6975145606612929,0.0,0.7101006448333406,0.7128366130867928,0.0,0.0,0.7131837082702336,0.0,0.0,0.7123811259564872,0.0,0.0,0.71462593538017,0.0,0.0,0.7130347377090592,0.7155670652095882,0.7138453627414145,0.0,0.7149490529023022,0.0,0.0,0.7127048767963958,0.7144547118760618,0.0,0.7140720040457048,0.7147828552837215,0.0,0.0,0.0,0.7149054553613737,0.0,0.7173867007788709,0.7133325781209532,0.7156344357035005,0.7166711083851828,0.0,0.7172176769863388,0.7172342426074749,0.0,0.0,0.0,0.0,0.0,0.716558851801269,0.7166381046424638,0.7176938593329648,0.7173172682797839,0.7175632687745984,0.0,0.7170543431673352,0.7166755399901751,0.7157864612939346,0.7177212991971069,0.7174389579860977,0.0,0.7177055513350372,0.7159457992043142,0.7161692880222748,0.7153579067078838,0.0,0.7129484787224517,0.7137652900269571,0.7134643578501927,0.0,0.0,0.0,0.0,0.7134231094114565,0.0,0.713602407614921,0.7149147761935115,0.7034696244436104,0.0,0.716680017998249,0.7174811631640157,0.0
34,0.7044295009772025,0.7031901837014158,0.0,0.7142691978261609,0.7150283769822589,0.0,0.0,0.71495757116913,0.0,0.0,0.7149404401554236,0.0,0.0,0.7150373739706557,0.0,0.0,0.7155101624375624,0.7168434375667045,0.7136485796450028,0.0,0.7148912404913944,0.0,0.0,0.7139333321217773,0.7157086170982172,0.0,0.7140816065266096,0.715315376554261,0.0,0.0,0.0,0.7152583615560544,0.0,0.7138184098753865,0.712702564531589,0.716544655636184,0.7152745827302661,0.0,0.7140722830250603,0.7167368795287983,0.0,0.0,0.0,0.0,0.0,0.7153945470886127,0.7158306613418409,0.7168902631472901,0.7163877890695568,0.7151728339014871,0.0,0.7155122536514786,0.7181470869553,0.7170519734227215,0.0,0.7165066321854255,0.0,0.7182069729964317,0.7181058056589217,0.7171197357447325,0.7165914574529589,0.0,0.715218330477763,0.7165312954478134,0.7181393738254932,0.0,0.0,0.0,0.0,0.7173903394636079,0.0,0.717405403210171,0.7167564728064109,0.7046065170862017,0.0,0.7162194763295011,0.7145781181702331,0.0
35,0.7052592449423825,0.7009854741311197,0.0,0.7166366511776766,0.7159466074008881,0.0,0.0,0.7178131102020515,0.0,0.0,0.7166175875807959,0.0,0.0,0.7174014946287353,0.0,0.0,0.7173227873940091,0.7155120444142561,0.715636042296551,0.0,0.7151665711440225,0.0,0.0,0.7153270117447537,0.714228058759529,0.0,0.7139897300369233,0.7151459175024518,0.0,0.0,0.0,0.7166011154707209,0.0,0.7137104202494373,0.7122130381663285,0.7163507558378053,0.7156180010027796,0.0,0.7164497077510271,0.7158986209983478,0.0,0.0,0.0,0.0,0.0,0.7155603117378788,0.7164130673965341,0.715240173990184,0.7148187262915568,0.7143794250245981,0.0,0.7147280573016852,0.7165010778105358,0.7155155051830409,0.0,0.7159217243627262,0.0,0.0,0.7147398998021014,0.7149056074898077,0.7152546629569022,0.0,0.715724945576928,0.7161897593604637,0.7165775916727422,0.0,0.0,0.0,0.0,0.717370223571686,0.0,0.7153053650197758,0.7163576681277959,0.7046358795334514,0.0,0.7159591894360692,0.715781615785144,0.0
36,0.7029981745607796,0.6999057625436309,0.0,0.7122876555031817,0.7130901102026197,0.0,0.0,0.0,0.0,0.0,0.7143250159569372,0.0,0.0,0.7149529765654226,0.0,0.0,0.716691080097887,0.7143202767918561,0.7140183697961272,0.0,0.7158294661856013,0.0,0.0,0.7144497088373127,0.7173739677981293,0.0,0.7175057623147006,0.7172573534079352,0.0,0.0,0.0,0.7162239854069605,0.0,0.7148928262318328,0.7138303286417754,0.7158544873973581,0.7161790430071852,0.0,0.7160727864446194,0.717398326821854,0.0,0.0,0.0,0.0,0.0,0.7154357877415772,0.7140206518775469,0.7149855193983685,0.712990585627186,0.7149855910985349,0.0,0.7140964257807509,0.714439074176921,0.7141302630624096,0.0,0.7141706004136547,0.0,0.0,0.7139314635994165,0.7147063991426492,0.7142885610405416,0.0,0.7130676159542971,0.7127893436561317,0.7137186861165449,0.0,0.0,0.0,0.0,0.7144101393514155,0.0,0.7136918342411861,0.7136940104274612,0.7014700281379564,0.0,0.7160471381196495,0.714874226052768,0.0
37,0.7044593266420174,0.7009030427298927,0.0,0.7150197782195773,0.7141375944883955,0.0,0.0,0.0,0.0,0.0,0.7145642619261846,0.0,0.0,0.715163770305784,0.0,0.0,0.7162156511493466,0.7143971264625775,0.7132281921326115,0.0,0.7162280357753001,0.0,0.0,0.7157952389505801,0.7156087989543435,0.0,0.0,0.7152442460715814,0.0,0.0,0.0,0.7144221402290467,0.0,0.7146023804560115,0.712916378657439,0.7170399224021284,0.7157381729759335,0.0,0.7163194623318027,0.7156051161832453,0.0,0.0,0.0,0.0,0.0,0.7154304641832915,0.7159390772443013,0.7148092016589914,0.7141429985028301,0.7155500321481317,0.0,0.7146295919988143,0.7151621305571804,0.7158878141071358,0.0,0.7168748761875896,0.0,0.0,0.71740073534633,0.7183498803490376,0.716750894767962,0.0,0.7158823387335956,0.7156467612400593,0.715308371657937,0.0,0.0,0.0,0.0,0.7157327784448959,0.0,0.7138389137020863,0.7145619250946327,0.6976871347575168,0.0,0.7121671298838589,0.7126559108380481,0.0
38,0.7064799189854579,0.7028718364933176,0.0,0.7178067257579172,0.7177125921587968,0.0,0.0,0.0,0.0,0.0,0.7172901209444292,0.0,0.0,0.7170473157149928,0.0,0.0,0.7174164742173806,0.7157356376902162,0.7145036808333012,0.0,0.7148350443799814,0.0,0.0,0.7146397051898802,0.716947434463263,0.0,0.0,0.7179327990514522,0.0,0.0,0.0,0.7184571098376757,0.0,0.7151256601733457,0.7125257280488754,0.7183437217316985,0.7166177448702825,0.0,0.7157541857060488,0.7152196748147361,0.0,0.0,0.0,0.0,0.0,0.7149505825995357,0.7156574326877115,0.7151425191809961,0.7158651238425159,0.7162069864211513,0.0,0.7158489471193762,0.7175593502409306,0.7161830581524261,0.0,0.7177807837431646,0.0,0.0,0.7150859315609706,0.0,0.7155911732629322,0.0,0.7171988661772325,0.7168410755253493,0.7164344065894679,0.0,0.0,0.0,0.0,0.7166524666065929,0.0,0.7155129875155444,0.7168851545065628,0.7020729693284709,0.0,0.7156453228586539,0.7159817960700035,0.0
39,0.7042845608692868,0.7001691177894842,0.0,0.7156580323429811,0.7152566887120522,0.0,0.0,0.0,0.0,0.0,0.7133808645760008,0.0,0.0,0.715481990099847,0.0,0.0,0.7161980630058634,0.7148535434339204,0.7144084872785335,0.0,0.7150504853364341,0.0,0.0,0.7125718113160222,0.7143875184111073,0.0,0.0,0.7138127096830117,0.0,0.0,0.0,0.0,0.0,0.7143656009031433,0.7121144173592908,0.715344846433014,0.7154731520455414,0.0,0.7155858441459575,0.7167211155133708,0.0,0.0,0.0,0.0,0.0,0.7157465302203919,0.7179161721832175,0.715878287155307,0.7139819823689771,0.7142839813504929,0.0,0.7144176573316975,0.7138470110592082,0.7138562882523571,0.0,0.7149163611536784,0.0,0.0,0.7137014509722738,0.0,0.7155269305066876,0.0,0.7123532053735135,0.713249679198314,0.7138330285029976,0.0,0.0,0.0,0.0,0.7146911155311724,0.0,0.7158853923498403,0.7165595651559447,0.7029464019926578,0.0,0.7164880602970924,0.7146065284132491,0.0
40,0.7042954529117075,0.702106756514914,0.0,0.7142689739303846,0.7148758628601589,0.0,0.0,0.0,0.0,0.0,0.7156040036537556,0.0,0.0,0.7156317769666574,0.0,0.0,0.7160001613624342,0.7180320098815874,0.7158604196778711,0.0,0.7168472980898771,0.0,0.0,0.7155331241236133,0.7174970168146279,0.0,0.0,0.7180309618084935,0.0,0.0,0.0,0.0,0.0,0.7144755489640738,0.7115626126740858,0.7165878920764498,0.7145296313754335,0.0,0.7173961052382078,0.7173087750035553,0.0,0.0,0.0,0.0,0.0,0.7168527391841837,0.0,0.7188854000830044,0.7177859251483981,0.7181044165921961,0.0,0.7163551115786411,0.7155873147332098,0.7167171719888464,0.0,0.7150429019654795,0.0,0.0,0.7158012702711523,0.0,0.7175003556122861,0.0,0.7164482616197373,0.7179765426715775,0.7168728981245583,0.0,0.0,0.0,0.0,0.7165514876589665,0.0,0.7155263827283455,0.7164430670881722,0.7057507819540024,0.0,0.716890186476995,0.7174498448027142,0.0
41,0.7056268523837719,0.7007557471279136,0.0,0.7173300804619717,0.7161351658083798,0.0,0.0,0.0,0.0,0.0,0.7151667623479918,0.0,0.0,0.7132404431605178,0.0,0.0,0.7146861415576798,0.7181685685241087,0.7163656828543425,0.0,0.7155025775657442,0.0,0.0,0.7162047300174825,0.7160499283184197,0.0,0.0,0.7160877885098696,0.0,0.0,0.0,0.0,0.0,0.7138700561770392,0.7152638357877199,0.7179592231324872,0.7167499797146539,0.0,0.7169494597793287,0.7176871660046512,0.0,0.0,0.0,0.0,0.0,0.7185825096466928,0.0,0.0,0.7172414153399672,0.7178827332040694,0.0,0.7157662219760653,0.7159371903428281,0.7151654879367002,0.0,0.714371951359321,0.0,0.0,0.7147513329927901,0.0,0.714702846900265,0.0,0.7139560160055848,0.7163709364335763,0.714819745449575,0.0,0.0,0.0,0.0,0.7146810056363221,0.0,0.713204546622467,0.7144894413902583,0.7031947749235007,0.0,0.7161357633860929,0.7146692783607579,0.0
42,0.7088413378071847,0.6997858573691534,0.0,0.7121672421541275,0.7148498387302784,0.0,0.0,0.0,0.0,0.0,0.7167909421543097,0.0,0.0,0.7180243938101529,0.0,0.0,0.7174797601452242,0.7169720572864717,0.715352113877732,0.0,0.7152044938258842,0.0,0.0,0.7134191905758733,0.7147467860691821,0.0,0.0,0.7148293717883738,0.0,0.0,0.0,0.0,0.0,0.7130213034047649,0.7095701208706259,0.7148149221477265,0.7144424448081964,0.0,0.7147078936356877,0.7140896075401518,0.0,0.0,0.0,0.0,0.0,0.0,0.0,0.0,0.7138135871149929,0.7144979869912476,0.0,0.7130585687913414,0.714818196028044,0.7156209592146949,0.0,0.7156953854652017,0.0,0.0,0.7165161905018725,0.0,0.7145707427146626,0.0,0.7149151694879472,0.7156729726388832,0.7133803807707277,0.0,0.0,0.0,0.0,0.7118350667374247,0.0,0.7124729432610756,0.7118246975571512,0.70119941874309,0.0,0.7146994023430802,0.7125506630077134,0.0
43,0.708870505660717,0.7009997282705084,0.0,0.71462159644825,0.7138664918934331,0.0,0.0,0.0,0.0,0.0,0.7129089769600577,0.0,0.0,0.0,0.0,0.0,0.7151153213035039,0.7151783603518618,0.7129949819510488,0.0,0.7163013353904214,0.0,0.0,0.7162694374733914,0.7167757977637119,0.0,0.0,0.718807081548729,0.0,0.0,0.0,0.0,0.0,0.7171709525440083,0.7125489894355208,0.716035912304636,0.7143059175987839,0.0,0.7153165263902694,0.7154391911463797,0.0,0.0,0.0,0.0,0.0,0.0,0.0,0.0,0.71458850557158,0.7161131092489041,0.0,0.7139946240687913,0.7154132293227359,0.7153371812331855,0.0,0.716521432003908,0.0,0.0,0.7165435522193417,0.0,0.7154658761150532,0.0,0.7145466791961282,0.714081157418863,0.7153906954216559,0.0,0.0,0.0,0.0,0.7160215689757897,0.0,0.7159816364098848,0.7167598514211435,0.700533372434042,0.0,0.7144634394553148,0.7147740843179266,0.0
44,0.7074433189101613,0.7051742849130314,0.0,0.7182461469952389,0.7192888864475995,0.0,0.0,0.0,0.0,0.0,0.7181128137853918,0.0,0.0,0.0,0.0,0.0,0.7188805671956245,0.7182383087449676,0.7149139880266031,0.0,0.7178960776310996,0.0,0.0,0.7166280082686937,0.7188554252371845,0.0,0.0,0.0,0.0,0.0,0.0,0.0,0.0,0.7175766304761674,0.7155553488537284,0.7166747269199104,0.7156436014278074,0.0,0.7158224933239692,0.7167846689435361,0.0,0.0,0.0,0.0,0.0,0.0,0.0,0.0,0.716332811267768,0.7160801374077946,0.0,0.7156811413310988,0.7156052064830425,0.7161372365158759,0.0,0.7159539609186865,0.0,0.0,0.7148622226991621,0.0,0.7152612155607123,0.0,0.7148127133499731,0.7161633156681219,0.7168246294173434,0.0,0.0,0.0,0.0,0.716607919715562,0.0,0.7140230710507552,0.7152460103872149,0.7013641735586555,0.0,0.7159947348822924,0.7156007120809333,0.0
45,0.7046489022189143,0.6985009800432302,0.0,0.7120947667056813,0.0,0.0,0.0,0.0,0.0,0.0,0.7147478438241907,0.0,0.0,0.0,0.0,0.0,0.7158110597118679,0.7176641220532793,0.7156451313649647,0.0,0.7156830167475686,0.0,0.0,0.7152580147841495,0.7166219875997504,0.0,0.0,0.0,0.0,0.0,0.0,0.0,0.0,0.7155529121178801,0.7133898192951384,0.7155906242644842,0.7157110894294046,0.0,0.7167702556906004,0.715780239765291,0.0,0.0,0.0,0.0,0.0,0.0,0.0,0.0,0.717003970952295,0.716309195733622,0.0,0.7158856561125437,0.7167295660173804,0.7189632897845049,0.0,0.7197976371304378,0.0,0.0,0.7190770272475805,0.0,0.7200713412283304,0.0,0.7164037618874235,0.717095783950818,0.7171389768817196,0.0,0.0,0.0,0.0,0.7168602850806884,0.0,0.7140001763170618,0.7150067305752487,0.699860472009549,0.0,0.716176677700467,0.7165440272889354,0.0
46,0.707180817325623,0.6999283067995409,0.0,0.7123064758586344,0.0,0.0,0.0,0.0,0.0,0.0,0.7136736574792052,0.0,0.0,0.0,0.0,0.0,0.7162413300538469,0.7165540477073933,0.7129560825721636,0.0,0.7149450232405186,0.0,0.0,0.7152225381842287,0.7159525387976042,0.0,0.0,0.0,0.0,0.0,0.0,0.0,0.0,0.7162064772495316,0.714847086513709,0.7155293021387414,0.7146657102654049,0.0,0.7151263701726855,0.714744471057085,0.0,0.0,0.0,0.0,0.0,0.0,0.0,0.0,0.7135630753667173,0.7139724044611735,0.0,0.7136631873613091,0.715423824430728,0.7163487417113898,0.0,0.7140425112824528,0.0,0.0,0.7139752057029151,0.0,0.0,0.0,0.7145395819400903,0.7137340482110658,0.7139030220643587,0.0,0.0,0.0,0.0,0.713996172776847,0.0,0.7135060289332035,0.714053249935555,0.70174764463249,0.0,0.7139363755073086,0.7131321517161741,0.0
47,0.7033681917450937,0.700385496434009,0.0,0.7134961136425644,0.0,0.0,0.0,0.0,0.0,0.0,0.7150102033245981,0.0,0.0,0.0,0.0,0.0,0.7152426390632086,0.0,0.7126493914210079,0.0,0.7171306285538296,0.0,0.0,0.7149889367408202,0.7159534822633185,0.0,0.0,0.0,0.0,0.0,0.0,0.0,0.0,0.7147368420329117,0.7145591729965926,0.7178700367983049,0.7180815632801953,0.0,0.718326765993898,0.7182809122534959,0.0,0.0,0.0,0.0,0.0,0.0,0.0,0.0,0.7180386678342499,0.7173985966855676,0.0,0.7166394194812202,0.7179205548813501,0.7179538590033371,0.0,0.7165450626653423,0.0,0.0,0.7148111289495279,0.0,0.0,0.0,0.7164638858667827,0.7164006593866152,0.7168751072088265,0.0,0.0,0.0,0.0,0.717792934635038,0.0,0.7194725999585022,0.7179865455060924,0.7019445297665976,0.0,0.7167023958434342,0.7160981544875856,0.0
48,0.704369155787622,0.6972032925501052,0.0,0.7122687249298834,0.0,0.0,0.0,0.0,0.0,0.0,0.7137219686596377,0.0,0.0,0.0,0.0,0.0,0.7143831135561629,0.0,0.7117130764226752,0.0,0.716547356517936,0.0,0.0,0.7140226926770461,0.7154530097584534,0.0,0.0,0.0,0.0,0.0,0.0,0.0,0.0,0.7153777564121652,0.7139547651955895,0.7159177466330289,0.7159508707435835,0.0,0.7173283747503916,0.7164749538120044,0.0,0.0,0.0,0.0,0.0,0.0,0.0,0.0,0.7152140070899569,0.7172012946473147,0.0,0.7152824903832731,0.7155997387268084,0.7171861565597454,0.0,0.716625335747064,0.0,0.0,0.7165142295739573,0.0,0.0,0.0,0.7168369296720795,0.7193669791942713,0.7187179476762614,0.0,0.0,0.0,0.0,0.717359249612586,0.0,0.0,0.7175383917882356,0.705459098247171,0.0,0.7169615035235338,0.7169520746702105,0.0
49,0.7033057264183863,0.6984336515942506,0.0,0.7120292630013483,0.0,0.0,0.0,0.0,0.0,0.0,0.71387663830899,0.0,0.0,0.0,0.0,0.0,0.7139424911684409,0.0,0.7112508842081234,0.0,0.7136911240919241,0.0,0.0,0.7142589198943675,0.7155696418757906,0.0,0.0,0.0,0.0,0.0,0.0,0.0,0.0,0.7146258925041495,0.7149666289838991,0.7167510589381878,0.7168356563162926,0.0,0.7157716970045329,0.7150198561341103,0.0,0.0,0.0,0.0,0.0,0.0,0.0,0.0,0.7153099899807623,0.7160801796825754,0.0,0.7140164450199445,0.7140643378110684,0.71488854157325,0.0,0.7137826032182563,0.0,0.0,0.7153390339107518,0.0,0.0,0.0,0.7163916150869105,0.0,0.71565695588469,0.0,0.0,0.0,0.0,0.7159123655011725,0.0,0.0,0.7174554254794474,0.7043071884195101,0.0,0.7169277447410803,0.7170480973784747,0.0
50,0.7081645074760172,0.7006066733546459,0.0,0.7122031086762711,0.0,0.0,0.0,0.0,0.0,0.0,0.7151924269458734,0.0,0.0,0.0,0.0,0.0,0.7135047858304553,0.0,0.7102557314290795,0.0,0.7137954709175356,0.0,0.0,0.7146727301150928,0.7160897643871142,0.0,0.0,0.0,0.0,0.0,0.0,0.0,0.0,0.7143836462711725,0.7136898982428591,0.7154527646740366,0.7133538795367155,0.0,0.7147222488990931,0.7160492558707074,0.0,0.0,0.0,0.0,0.0,0.0,0.0,0.0,0.7157224505120648,0.7150465258551054,0.0,0.7144539187685627,0.7144483152931165,0.7152316549740834,0.0,0.7140102879886767,0.0,0.0,0.7142593519113704,0.0,0.0,0.0,0.715571442852071,0.0,0.7149203483114693,0.0,0.0,0.0,0.0,0.7146758465108681,0.0,0.0,0.0,0.7028604282188478,0.0,0.7162958294464385,0.7153996933598962,0.0
51,0.7080197189455042,0.6998484732869124,0.0,0.7132772487517214,0.0,0.0,0.0,0.0,0.0,0.0,0.7162813476726853,0.0,0.0,0.0,0.0,0.0,0.7175091754985252,0.0,0.7147641458333067,0.0,0.7142882278595541,0.0,0.0,0.7108640602120199,0.7129503768747555,0.0,0.0,0.0,0.0,0.0,0.0,0.0,0.0,0.7107580984827089,0.7134328711791996,0.7151896118686124,0.7141426279549166,0.0,0.7170850962371359,0.7164229763755607,0.0,0.0,0.0,0.0,0.0,0.0,0.0,0.0,0.7137266892690111,0.7160058501625518,0.0,0.7158092484227061,0.7141315458709754,0.7157655806016623,0.0,0.7154855249725036,0.0,0.0,0.7153000135966752,0.0,0.0,0.0,0.7149106727598729,0.0,0.7144245827585779,0.0,0.0,0.0,0.0,0.7130651616708775,0.0,0.0,0.0,0.6990613624332067,0.0,0.0,0.7167861847917719,0.0
52,0.705075895462008,0.6988967022157525,0.0,0.7125045147767382,0.0,0.0,0.0,0.0,0.0,0.0,0.71314957516287,0.0,0.0,0.0,0.0,0.0,0.0,0.0,0.7121570414417338,0.0,0.7137268470224842,0.0,0.0,0.7123174297599381,0.7175667053119082,0.0,0.0,0.0,0.0,0.0,0.0,0.0,0.0,0.7150043978562076,0.7144975753858199,0.7145448664176798,0.7146058059432829,0.0,0.7152137855856361,0.7146321304205047,0.0,0.0,0.0,0.0,0.0,0.0,0.0,0.0,0.7119384009009166,0.7135160501651865,0.0,0.7128798372105325,0.7142955791111391,0.7168610564504979,0.0,0.7162613160309278,0.0,0.0,0.7144058478765265,0.0,0.0,0.0,0.7138950055891883,0.0,0.7150788570183403,0.0,0.0,0.0,0.0,0.7145038902981207,0.0,0.0,0.0,0.7001924572683859,0.0,0.0,0.7151745935889007,0.0
53,0.7053036727301734,0.7004592823273078,0.0,0.7160648580652013,0.0,0.0,0.0,0.0,0.0,0.0,0.71504518365757,0.0,0.0,0.0,0.0,0.0,0.0,0.0,0.7144876134402756,0.0,0.7148458258954953,0.0,0.0,0.7146910046425315,0.0,0.0,0.0,0.0,0.0,0.0,0.0,0.0,0.0,0.7169733640121632,0.7152987233703938,0.7151359290004756,0.7151661399457044,0.0,0.7169967673477615,0.7165169452348901,0.0,0.0,0.0,0.0,0.0,0.0,0.0,0.0,0.7146785626853983,0.7158990499761495,0.0,0.7149775114036244,0.7158797986785632,0.7158352015715171,0.0,0.7178330678596436,0.0,0.0,0.7166825352050484,0.0,0.0,0.0,0.7176041887963296,0.0,0.7170146015953978,0.0,0.0,0.0,0.0,0.7162669995465938,0.0,0.0,0.0,0.70012156962226,0.0,0.0,0.7150362371659874,0.0
54,0.7052296137273131,0.6990238168501373,0.0,0.7132380399600173,0.0,0.0,0.0,0.0,0.0,0.0,0.7152263449453096,0.0,0.0,0.0,0.0,0.0,0.0,0.0,0.7149446443686088,0.0,0.7114235192290906,0.0,0.0,0.7133653531064502,0.0,0.0,0.0,0.0,0.0,0.0,0.0,0.0,0.0,0.7171566182154592,0.7138351305223926,0.7179590473693996,0.7161844687948865,0.0,0.7164822135822771,0.7166750449583368,0.0,0.0,0.0,0.0,0.0,0.0,0.0,0.0,0.7153794836651007,0.7158348211852049,0.0,0.7155508623989683,0.7138313385183034,0.7167847723635034,0.0,0.0,0.0,0.0,0.7154731896566257,0.0,0.0,0.0,0.7152234661048626,0.0,0.7156384963211498,0.0,0.0,0.0,0.0,0.7160562423850158,0.0,0.0,0.0,0.7010046956794795,0.0,0.0,0.7175211402494417,0.0
55,0.7042381437538238,0.6979619259923279,0.0,0.7142554475445984,0.0,0.0,0.0,0.0,0.0,0.0,0.7144157323078575,0.0,0.0,0.0,0.0,0.0,0.0,0.0,0.7144245902350238,0.0,0.7143154678406032,0.0,0.0,0.7137504331634484,0.0,0.0,0.0,0.0,0.0,0.0,0.0,0.0,0.0,0.715880490613843,0.7149391294223455,0.0,0.7143816011321543,0.0,0.7146823054534295,0.7149759308729183,0.0,0.0,0.0,0.0,0.0,0.0,0.0,0.0,0.7147479232773162,0.7148567432450528,0.0,0.7131284227276273,0.714638592487863,0.7152925635538654,0.0,0.0,0.0,0.0,0.7155079286646912,0.0,0.0,0.0,0.7145179161260146,0.0,0.7165547296351478,0.0,0.0,0.0,0.0,0.7167064741611587,0.0,0.0,0.0,0.7003009178745984,0.0,0.0,0.7151030832400861,0.0
56,0.7058784299025306,0.7008877332660121,0.0,0.7127617432097667,0.0,0.0,0.0,0.0,0.0,0.0,0.7150133302540278,0.0,0.0,0.0,0.0,0.0,0.0,0.0,0.7141444677711783,0.0,0.7158301262145138,0.0,0.0,0.7172772680066534,0.0,0.0,0.0,0.0,0.0,0.0,0.0,0.0,0.0,0.7175314284090909,0.7155794836595245,0.0,0.7176577759101332,0.0,0.7164199026348308,0.7169626503409224,0.0,0.0,0.0,0.0,0.0,0.0,0.0,0.0,0.7163774873265436,0.7177170917867617,0.0,0.7171052789261139,0.7161240446774844,0.71595785815601,0.0,0.0,0.0,0.0,0.715322596050196,0.0,0.0,0.0,0.7156121623407369,0.0,0.7160423517813519,0.0,0.0,0.0,0.0,0.0,0.0,0.0,0.0,0.7013365459008126,0.0,0.0,0.7165563904531874,0.0
57,0.7068260792446422,0.7004788724020743,0.0,0.7155212823174305,0.0,0.0,0.0,0.0,0.0,0.0,0.7166164874149057,0.0,0.0,0.0,0.0,0.0,0.0,0.0,0.7147519906704606,0.0,0.7144972257508947,0.0,0.0,0.7127729276905083,0.0,0.0,0.0,0.0,0.0,0.0,0.0,0.0,0.0,0.7150657271859739,0.7140869624982745,0.0,0.7137646229713694,0.0,0.7138482874214556,0.7152108668773214,0.0,0.0,0.0,0.0,0.0,0.0,0.0,0.0,0.7141559536318512,0.0,0.0,0.7149272010914098,0.7160810151654032,0.7152601563891439,0.0,0.0,0.0,0.0,0.7141824032566856,0.0,0.0,0.0,0.7147707295439533,0.0,0.7144979824586956,0.0,0.0,0.0,0.0,0.0,0.0,0.0,0.0,0.6992688505225225,0.0,0.0,0.7155793454649012,0.0
58,0.703735477616406,0.6981198277509737,0.0,0.7135515643043547,0.0,0.0,0.0,0.0,0.0,0.0,0.0,0.0,0.0,0.0,0.0,0.0,0.0,0.0,0.7121554149249794,0.0,0.7125303964948496,0.0,0.0,0.7111047232872112,0.0,0.0,0.0,0.0,0.0,0.0,0.0,0.0,0.0,0.714434361662367,0.7119377647968201,0.0,0.7137370214548644,0.0,0.7143774763837468,0.7136587642481077,0.0,0.0,0.0,0.0,0.0,0.0,0.0,0.0,0.7139058630638682,0.0,0.0,0.7121653658517961,0.7136884130480379,0.7132879604765174,0.0,0.0,0.0,0.0,0.7126601293569549,0.0,0.0,0.0,0.7122514702749962,0.0,0.714614084779865,0.0,0.0,0.0,0.0,0.0,0.0,0.0,0.0,0.700468607191243,0.0,0.0,0.7155492243702495,0.0
59,0.7010814680869871,0.7006005290826622,0.0,0.7137606831166053,0.0,0.0,0.0,0.0,0.0,0.0,0.0,0.0,0.0,0.0,0.0,0.0,0.0,0.0,0.7135918409989737,0.0,0.7121660324173701,0.0,0.0,0.7132652605206865,0.0,0.0,0.0,0.0,0.0,0.0,0.0,0.0,0.0,0.7134113248227233,0.7108952313630854,0.0,0.7140210995856738,0.0,0.7134152162506566,0.7141772163904208,0.0,0.0,0.0,0.0,0.0,0.0,0.0,0.0,0.713423182580684,0.0,0.0,0.7161705162179564,0.7151001206843113,0.7146309270172416,0.0,0.0,0.0,0.0,0.7139813763060132,0.0,0.0,0.0,0.7140724539648665,0.0,0.7149700448764704,0.0,0.0,0.0,0.0,0.0,0.0,0.0,0.0,0.6994955671885502,0.0,0.0,0.0,0.0
60,0.7018462395524284,0.6949835434591222,0.0,0.7106361292953849,0.0,0.0,0.0,0.0,0.0,0.0,0.0,0.0,0.0,0.0,0.0,0.0,0.0,0.0,0.7108186783206178,0.0,0.7100244517828409,0.0,0.0,0.7125259529477447,0.0,0.0,0.0,0.0,0.0,0.0,0.0,0.0,0.0,0.7119409490380134,0.7106158289360281,0.0,0.7112775242204095,0.0,0.711655382249074,0.7118412517978666,0.0,0.0,0.0,0.0,0.0,0.0,0.0,0.0,0.7105484625052481,0.0,0.0,0.0,0.71278181756992,0.7132038404743969,0.0,0.0,0.0,0.0,0.7130419291880187,0.0,0.0,0.0,0.7125026720793753,0.0,0.711874445817611,0.0,0.0,0.0,0.0,0.0,0.0,0.0,0.0,0.6967047887316943,0.0,0.0,0.0,0.0
61,0.7035141935452954,0.6942708538989808,0.0,0.7122643486650436,0.0,0.0,0.0,0.0,0.0,0.0,0.0,0.0,0.0,0.0,0.0,0.0,0.0,0.0,0.7116807421451445,0.0,0.714253103568166,0.0,0.0,0.7112704459375107,0.0,0.0,0.0,0.0,0.0,0.0,0.0,0.0,0.0,0.7126636721966025,0.7112503415067691,0.0,0.7125125078512871,0.0,0.7140779479609861,0.7136781117737254,0.0,0.0,0.0,0.0,0.0,0.0,0.0,0.0,0.7133765781482587,0.0,0.0,0.0,0.7136454679259931,0.0,0.0,0.0,0.0,0.0,0.7124916422012819,0.0,0.0,0.0,0.7135171031045542,0.0,0.711458688097647,0.0,0.0,0.0,0.0,0.0,0.0,0.0,0.0,0.6979680699362504,0.0,0.0,0.0,0.0
62,0.6973412638604439,0.6921159620064952,0.0,0.7076033583178192,0.0,0.0,0.0,0.0,0.0,0.0,0.0,0.0,0.0,0.0,0.0,0.0,0.0,0.0,0.7111455388366191,0.0,0.0,0.0,0.0,0.7092619953777237,0.0,0.0,0.0,0.0,0.0,0.0,0.0,0.0,0.0,0.7125021547788996,0.7048821010071269,0.0,0.7091781470517473,0.0,0.7103840767354315,0.7108338290546853,0.0,0.0,0.0,0.0,0.0,0.0,0.0,0.0,0.7108316459600561,0.0,0.0,0.0,0.7114774347612399,0.0,0.0,0.0,0.0,0.0,0.7111763620377493,0.0,0.0,0.0,0.7128357233123905,0.0,0.7135329356435759,0.0,0.0,0.0,0.0,0.0,0.0,0.0,0.0,0.6922003273093016,0.0,0.0,0.0,0.0
63,0.6975164853488262,0.6953539153996213,0.0,0.7060990171436735,0.0,0.0,0.0,0.0,0.0,0.0,0.0,0.0,0.0,0.0,0.0,0.0,0.0,0.0,0.7104711643817175,0.0,0.0,0.0,0.0,0.708494576430208,0.0,0.0,0.0,0.0,0.0,0.0,0.0,0.0,0.0,0.7109801092528503,0.7071958549860807,0.0,0.7127513385825531,0.0,0.7123873444541597,0.711890920630657,0.0,0.0,0.0,0.0,0.0,0.0,0.0,0.0,0.7127603742041814,0.0,0.0,0.0,0.7137527269609679,0.0,0.0,0.0,0.0,0.0,0.7112950439670491,0.0,0.0,0.0,0.7103909458239088,0.0,0.0,0.0,0.0,0.0,0.0,0.0,0.0,0.0,0.0,0.6923099438112732,0.0,0.0,0.0,0.0
64,0.6965190388811706,0.6905538686803261,0.0,0.7079973030075515,0.0,0.0,0.0,0.0,0.0,0.0,0.0,0.0,0.0,0.0,0.0,0.0,0.0,0.0,0.7104238659562527,0.0,0.0,0.0,0.0,0.7097679825544425,0.0,0.0,0.0,0.0,0.0,0.0,0.0,0.0,0.0,0.7107567755773672,0.7062902060363658,0.0,0.7116972943195878,0.0,0.7112395660036632,0.712615610064706,0.0,0.0,0.0,0.0,0.0,0.0,0.0,0.0,0.7109187180901912,0.0,0.0,0.0,0.0,0.0,0.0,0.0,0.0,0.0,0.7120070551319858,0.0,0.0,0.0,0.7096694012559622,0.0,0.0,0.0,0.0,0.0,0.0,0.0,0.0,0.0,0.0,0.694683725193,0.0,0.0,0.0,0.0
65,0.6966669166892611,0.6909995975890943,0.0,0.7046670128802691,0.0,0.0,0.0,0.0,0.0,0.0,0.0,0.0,0.0,0.0,0.0,0.0,0.0,0.0,0.7067367033120431,0.0,0.0,0.0,0.0,0.7061587480321851,0.0,0.0,0.0,0.0,0.0,0.0,0.0,0.0,0.0,0.710031870317953,0.7055556233299752,0.0,0.7097663492878239,0.0,0.7098507030712639,0.0,0.0,0.0,0.0,0.0,0.0,0.0,0.0,0.0,0.7091719429162203,0.0,0.0,0.0,0.0,0.0,0.0,0.0,0.0,0.0,0.7105738799541379,0.0,0.0,0.0,0.7103038278648917,0.0,0.0,0.0,0.0,0.0,0.0,0.0,0.0,0.0,0.0,0.6930764236273808,0.0,0.0,0.0,0.0
66,0.6959573989874358,0.6877848808915009,0.0,0.7069068569893975,0.0,0.0,0.0,0.0,0.0,0.0,0.0,0.0,0.0,0.0,0.0,0.0,0.0,0.0,0.7067404974126842,0.0,0.0,0.0,0.0,0.7071228793321709,0.0,0.0,0.0,0.0,0.0,0.0,0.0,0.0,0.0,0.7105757070964276,0.7034752508861144,0.0,0.7110513175637411,0.0,0.7104621595689907,0.0,0.0,0.0,0.0,0.0,0.0,0.0,0.0,0.0,0.709731895531567,0.0,0.0,0.0,0.0,0.0,0.0,0.0,0.0,0.0,0.0,0.0,0.0,0.0,0.7115215262340824,0.0,0.0,0.0,0.0,0.0,0.0,0.0,0.0,0.0,0.0,0.6934094349957438,0.0,0.0,0.0,0.0
67,0.6959351377417772,0.687791473230324,0.0,0.705083620086693,0.0,0.0,0.0,0.0,0.0,0.0,0.0,0.0,0.0,0.0,0.0,0.0,0.0,0.0,0.708761709997588,0.0,0.0,0.0,0.0,0.706086864882494,0.0,0.0,0.0,0.0,0.0,0.0,0.0,0.0,0.0,0.7085119694064866,0.7029840430117309,0.0,0.7094735781679767,0.0,0.7087717452082969,0.0,0.0,0.0,0.0,0.0,0.0,0.0,0.0,0.0,0.7080474634293022,0.0,0.0,0.0,0.0,0.0,0.0,0.0,0.0,0.0,0.0,0.0,0.0,0.0,0.0,0.0,0.0,0.0,0.0,0.0,0.0,0.0,0.0,0.0,0.0,0.6919122581433348,0.0,0.0,0.0,0.0
68,0.6932725564759528,0.6900673735306475,0.0,0.7058575672021594,0.0,0.0,0.0,0.0,0.0,0.0,0.0,0.0,0.0,0.0,0.0,0.0,0.0,0.0,0.7075014025024531,0.0,0.0,0.0,0.0,0.7050396605676873,0.0,0.0,0.0,0.0,0.0,0.0,0.0,0.0,0.0,0.7066255804164279,0.7025479591343483,0.0,0.0,0.0,0.7062929776711685,0.0,0.0,0.0,0.0,0.0,0.0,0.0,0.0,0.0,0.706273155081535,0.0,0.0,0.0,0.0,0.0,0.0,0.0,0.0,0.0,0.0,0.0,0.0,0.0,0.0,0.0,0.0,0.0,0.0,0.0,0.0,0.0,0.0,0.0,0.0,0.6913368795932684,0.0,0.0,0.0,0.0
69,0.6916295410660686,0.6888696359673007,0.0,0.7032983407088929,0.0,0.0,0.0,0.0,0.0,0.0,0.0,0.0,0.0,0.0,0.0,0.0,0.0,0.0,0.0,0.0,0.0,0.0,0.0,0.7030209312612685,0.0,0.0,0.0,0.0,0.0,0.0,0.0,0.0,0.0,0.7061138044420427,0.7007483466828666,0.0,0.0,0.0,0.7078175163799829,0.0,0.0,0.0,0.0,0.0,0.0,0.0,0.0,0.0,0.7059294859630141,0.0,0.0,0.0,0.0,0.0,0.0,0.0,0.0,0.0,0.0,0.0,0.0,0.0,0.0,0.0,0.0,0.0,0.0,0.0,0.0,0.0,0.0,0.0,0.0,0.6892486238347846,0.0,0.0,0.0,0.0
70,0.6891791916005131,0.6863615290501095,0.0,0.7027301227807141,0.0,0.0,0.0,0.0,0.0,0.0,0.0,0.0,0.0,0.0,0.0,0.0,0.0,0.0,0.0,0.0,0.0,0.0,0.0,0.7020029807055572,0.0,0.0,0.0,0.0,0.0,0.0,0.0,0.0,0.0,0.7045099679209899,0.6978807636236197,0.0,0.0,0.0,0.0,0.0,0.0,0.0,0.0,0.0,0.0,0.0,0.0,0.0,0.7041154639033231,0.0,0.0,0.0,0.0,0.0,0.0,0.0,0.0,0.0,0.0,0.0,0.0,0.0,0.0,0.0,0.0,0.0,0.0,0.0,0.0,0.0,0.0,0.0,0.0,0.6869607358034522,0.0,0.0,0.0,0.0
71,0.683829001471452,0.679903254340657,0.0,0.6970894833155121,0.0,0.0,0.0,0.0,0.0,0.0,0.0,0.0,0.0,0.0,0.0,0.0,0.0,0.0,0.0,0.0,0.0,0.0,0.0,0.6958927357016395,0.0,0.0,0.0,0.0,0.0,0.0,0.0,0.0,0.0,0.0,0.6859427379773287,0.0,0.0,0.0,0.0,0.0,0.0,0.0,0.0,0.0,0.0,0.0,0.0,0.0,0.6991847204723045,0.0,0.0,0.0,0.0,0.0,0.0,0.0,0.0,0.0,0.0,0.0,0.0,0.0,0.0,0.0,0.0,0.0,0.0,0.0,0.0,0.0,0.0,0.0,0.0,0.6835039470248092,0.0,0.0,0.0,0.0
72,0.6780012441570032,0.6738757248446052,0.0,0.6940097919230916,0.0,0.0,0.0,0.0,0.0,0.0,0.0,0.0,0.0,0.0,0.0,0.0,0.0,0.0,0.0,0.0,0.0,0.0,0.0,0.6936861723891997,0.0,0.0,0.0,0.0,0.0,0.0,0.0,0.0,0.0,0.0,0.6830805160935814,0.0,0.0,0.0,0.0,0.0,0.0,0.0,0.0,0.0,0.0,0.0,0.0,0.0,0.0,0.0,0.0,0.0,0.0,0.0,0.0,0.0,0.0,0.0,0.0,0.0,0.0,0.0,0.0,0.0,0.0,0.0,0.0,0.0,0.0,0.0,0.0,0.0,0.0,0.6821928270880482,0.0,0.0,0.0,0.0
73,0.6646375085373104,0.664315352422155,0.0,0.0,0.0,0.0,0.0,0.0,0.0,0.0,0.0,0.0,0.0,0.0,0.0,0.0,0.0,0.0,0.0,0.0,0.0,0.0,0.0,0.6835207116924996,0.0,0.0,0.0,0.0,0.0,0.0,0.0,0.0,0.0,0.0,0.6723414669991665,0.0,0.0,0.0,0.0,0.0,0.0,0.0,0.0,0.0,0.0,0.0,0.0,0.0,0.0,0.0,0.0,0.0,0.0,0.0,0.0,0.0,0.0,0.0,0.0,0.0,0.0,0.0,0.0,0.0,0.0,0.0,0.0,0.0,0.0,0.0,0.0,0.0,0.0,0.6745775922124437,0.0,0.0,0.0,0.0
74,0.6474761454199012,0.651194073165608,0.0,0.0,0.0,0.0,0.0,0.0,0.0,0.0,0.0,0.0,0.0,0.0,0.0,0.0,0.0,0.0,0.0,0.0,0.0,0.0,0.0,0.0,0.0,0.0,0.0,0.0,0.0,0.0,0.0,0.0,0.0,0.0,0.6618197889995611,0.0,0.0,0.0,0.0,0.0,0.0,0.0,0.0,0.0,0.0,0.0,0.0,0.0,0.0,0.0,0.0,0.0,0.0,0.0,0.0,0.0,0.0,0.0,0.0,0.0,0.0,0.0,0.0,0.0,0.0,0.0,0.0,0.0,0.0,0.0,0.0,0.0,0.0,0.6647649401645072,0.0,0.0,0.0,0.0
75,0.6083675632540638,0.6322011075169888,0.0,0.0,0.0,0.0,0.0,0.0,0.0,0.0,0.0,0.0,0.0,0.0,0.0,0.0,0.0,0.0,0.0,0.0,0.0,0.0,0.0,0.0,0.0,0.0,0.0,0.0,0.0,0.0,0.0,0.0,0.0,0.0,0.6506709833097317,0.0,0.0,0.0,0.0,0.0,0.0,0.0,0.0,0.0,0.0,0.0,0.0,0.0,0.0,0.0,0.0,0.0,0.0,0.0,0.0,0.0,0.0,0.0,0.0,0.0,0.0,0.0,0.0,0.0,0.0,0.0,0.0,0.0,0.0,0.0,0.0,0.0,0.0,0.0,0.0,0.0,0.0,0.0
76,0.5680359218590756,0.6211556324172127,0.0,0.0,0.0,0.0,0.0,0.0,0.0,0.0,0.0,0.0,0.0,0.0,0.0,0.0,0.0,0.0,0.0,0.0,0.0,0.0,0.0,0.0,0.0,0.0,0.0,0.0,0.0,0.0,0.0,0.0,0.0,0.0,0.0,0.0,0.0,0.0,0.0,0.0,0.0,0.0,0.0,0.0,0.0,0.0,0.0,0.0,0.0,0.0,0.0,0.0,0.0,0.0,0.0,0.0,0.0,0.0,0.0,0.0,0.0,0.0,0.0,0.0,0.0,0.0,0.0,0.0,0.0,0.0,0.0,0.0,0.0,0.0,0.0,0.0,0.0,0.0
77,0.6211556324172127,0.0,0.0,0.0,0.0,0.0,0.0,0.0,0.0,0.0,0.0,0.0,0.0,0.0,0.0,0.0,0.0,0.0,0.0,0.0,0.0,0.0,0.0,0.0,0.0,0.0,0.0,0.0,0.0,0.0,0.0,0.0,0.0,0.0,0.0,0.0,0.0,0.0,0.0,0.0,0.0,0.0,0.0,0.0,0.0,0.0,0.0,0.0,0.0,0.0,0.0,0.0,0.0,0.0,0.0,0.0,0.0,0.0,0.0,0.0,0.0,0.0,0.0,0.0,0.0,0.0,0.0,0.0,0.0,0.0,0.0,0.0,0.0,0.0,0.0,0.0,0.0,0.0
